fecha,moneda,tasa,fuente
2026-09-17,EUR,974.41908397,https://www.bcv.org.ve/sites/default/files/EstadisticasGeneral/2_1_2c26_smc.xls
2026-09-17,CNY,126.51078675,https://www.bcv.org.ve/sites/default/files/EstadisticasGeneral/2_1_2c26_smc.xls
2026-09-17,TRY,17.43475009,https://www.bcv.org.ve/sites/default/files/EstadisticasGeneral/2_1_2c26_smc.xls
2026-09-17,RUB,10.04077387,https://www.bcv.org.ve/sites/default/files/EstadisticasGeneral/2_1_2c26_smc.xls
2026-09-17,USD,848.5458,https://www.bcv.org.ve/sites/default/files/EstadisticasGeneral/2_1_2c26_smc.xls
2026-09-17,CAD,606.70651575,https://www.bcv.org.ve/sites/default/files/EstadisticasGeneral/2_1_2c26_smc.xls
2026-09-17,INR,8.84546857,https://www.bcv.org.ve/sites/default/files/EstadisticasGeneral/2_1_2c26_smc.xls
2026-09-17,JPY,5.44830203,https://www.bcv.org.ve/sites/default/files/EstadisticasGeneral/2_1_2c26_smc.xls
2026-09-17,ARS,0.56195086,https://www.bcv.org.ve/sites/default/files/EstadisticasGeneral/2_1_2c26_smc.xls
2026-09-17,BRL,164.51381376,https://www.bcv.org.ve/sites/default/files/EstadisticasGeneral/2_1_2c26_smc.xls
2026-09-17,CLP,0.88604314,https://www.bcv.org.ve/sites/default/files/EstadisticasGeneral/2_1_2c26_smc.xls
2026-09-17,COP,0.26932831,https://www.bcv.org.ve/sites/default/files/EstadisticasGeneral/2_1_2c26_smc.xls
2026-09-17,UYU,21.11020499,https://www.bcv.org.ve/sites/default/files/EstadisticasGeneral/2_1_2c26_smc.xls
2026-09-17,PEN,252.5283614,https://www.bcv.org.ve/sites/default/files/EstadisticasGeneral/2_1_2c26_smc.xls
2026-09-17,BOB,87.03033846,https://www.bcv.org.ve/sites/default/files/EstadisticasGeneral/2_1_2c26_smc.xls
2026-09-17,MXP,49.38775296,https://www.bcv.org.ve/sites/default/files/EstadisticasGeneral/2_1_2c26_smc.xls
2026-09-17,CUC,848.5458,https://www.bcv.org.ve/sites/default/files/EstadisticasGeneral/2_1_2c26_smc.xls
2026-09-17,NIO,23.77305175,https://www.bcv.org.ve/sites/default/files/EstadisticasGeneral/2_1_2c26_smc.xls
2026-09-17,DOP,14.42369199,https://www.bcv.org.ve/sites/default/files/EstadisticasGeneral/2_1_2c26_smc.xls
2026-09-17,TTD,125.80740718,https://www.bcv.org.ve/sites/default/files/EstadisticasGeneral/2_1_2c26_smc.xls
2026-09-17,ANG,486.52359383,https://www.bcv.org.ve/sites/default/files/EstadisticasGeneral/2_1_2c26_smc.xls
2026-09-18,EUR,974.09309112,https://www.bcv.org.ve/sites/default/files/EstadisticasGeneral/2_1_2c26_smc.xls
2026-09-18,CNY,126.85739883,https://www.bcv.org.ve/sites/default/files/EstadisticasGeneral/2_1_2c26_smc.xls
2026-09-18,TRY,17.41962866,https://www.bcv.org.ve/sites/default/files/EstadisticasGeneral/2_1_2c26_smc.xls
2026-09-18,RUB,10.08929451,https://www.bcv.org.ve/sites/default/files/EstadisticasGeneral/2_1_2c26_smc.xls
2026-09-18,USD,849.564,https://www.bcv.org.ve/sites/default/files/EstadisticasGeneral/2_1_2c26_smc.xls
2026-09-18,CAD,606.48486579,https://www.bcv.org.ve/sites/default/files/EstadisticasGeneral/2_1_2c26_smc.xls
2026-09-18,INR,8.8622722,https://www.bcv.org.ve/sites/default/files/EstadisticasGeneral/2_1_2c26_smc.xls
2026-09-18,JPY,5.41116673,https://www.bcv.org.ve/sites/default/files/EstadisticasGeneral/2_1_2c26_smc.xls
2026-09-18,ARS,0.56243892,https://www.bcv.org.ve/sites/default/files/EstadisticasGeneral/2_1_2c26_smc.xls
2026-09-18,BRL,164.59314941,https://www.bcv.org.ve/sites/default/files/EstadisticasGeneral/2_1_2c26_smc.xls
2026-09-18,CLP,0.88559902,https://www.bcv.org.ve/sites/default/files/EstadisticasGeneral/2_1_2c26_smc.xls
2026-09-18,COP,0.26521524,https://www.bcv.org.ve/sites/default/files/EstadisticasGeneral/2_1_2c26_smc.xls
2026-09-18,UYU,21.15237526,https://www.bcv.org.ve/sites/default/files/EstadisticasGeneral/2_1_2c26_smc.xls
2026-09-18,PEN,253.2081545,https://www.bcv.org.ve/sites/default/files/EstadisticasGeneral/2_1_2c26_smc.xls
2026-09-18,BOB,89.64293251,https://www.bcv.org.ve/sites/default/files/EstadisticasGeneral/2_1_2c26_smc.xls
2026-09-18,MXP,49.27579606,https://www.bcv.org.ve/sites/default/files/EstadisticasGeneral/2_1_2c26_smc.xls
2026-09-18,CUC,849.564,https://www.bcv.org.ve/sites/default/files/EstadisticasGeneral/2_1_2c26_smc.xls
2026-09-18,NIO,23.80758086,https://www.bcv.org.ve/sites/default/files/EstadisticasGeneral/2_1_2c26_smc.xls
2026-09-18,DOP,14.84058274,https://www.bcv.org.ve/sites/default/files/EstadisticasGeneral/2_1_2c26_smc.xls
2026-09-18,TTD,125.95463306,https://www.bcv.org.ve/sites/default/files/EstadisticasGeneral/2_1_2c26_smc.xls
2026-09-18,ANG,487.10739063,https://www.bcv.org.ve/sites/default/files/EstadisticasGeneral/2_1_2c26_smc.xls
2026-09-21,EUR,978.1738505,https://www.bcv.org.ve/sites/default/files/EstadisticasGeneral/2_1_2c26_smc.xls
2026-09-21,CNY,127.32520762,https://www.bcv.org.ve/sites/default/files/EstadisticasGeneral/2_1_2c26_smc.xls
2026-09-21,TRY,17.46795112,https://www.bcv.org.ve/sites/default/files/EstadisticasGeneral/2_1_2c26_smc.xls
2026-09-21,RUB,10.16173094,https://www.bcv.org.ve/sites/default/files/EstadisticasGeneral/2_1_2c26_smc.xls
2026-09-21,USD,852.4168,https://www.bcv.org.ve/sites/default/files/EstadisticasGeneral/2_1_2c26_smc.xls
2026-09-21,CAD,608.31731215,https://www.bcv.org.ve/sites/default/files/EstadisticasGeneral/2_1_2c26_smc.xls
2026-09-21,INR,8.89741453,https://www.bcv.org.ve/sites/default/files/EstadisticasGeneral/2_1_2c26_smc.xls
2026-09-21,JPY,5.41660661,https://www.bcv.org.ve/sites/default/files/EstadisticasGeneral/2_1_2c26_smc.xls
2026-09-21,ARS,0.56265135,https://www.bcv.org.ve/sites/default/files/EstadisticasGeneral/2_1_2c26_smc.xls
2026-09-21,BRL,166.95068353,https://www.bcv.org.ve/sites/default/files/EstadisticasGeneral/2_1_2c26_smc.xls
2026-09-21,CLP,0.89672392,https://www.bcv.org.ve/sites/default/files/EstadisticasGeneral/2_1_2c26_smc.xls
2026-09-21,COP,0.26699768,https://www.bcv.org.ve/sites/default/files/EstadisticasGeneral/2_1_2c26_smc.xls
2026-09-21,UYU,21.23503562,https://www.bcv.org.ve/sites/default/files/EstadisticasGeneral/2_1_2c26_smc.xls
2026-09-21,PEN,254.33889303,https://www.bcv.org.ve/sites/default/files/EstadisticasGeneral/2_1_2c26_smc.xls
2026-09-21,BOB,77.8462831,https://www.bcv.org.ve/sites/default/files/EstadisticasGeneral/2_1_2c26_smc.xls
2026-09-21,MXP,49.5185226,https://www.bcv.org.ve/sites/default/files/EstadisticasGeneral/2_1_2c26_smc.xls
2026-09-21,CUC,852.4168,https://www.bcv.org.ve/sites/default/files/EstadisticasGeneral/2_1_2c26_smc.xls
2026-09-21,NIO,23.89763803,https://www.bcv.org.ve/sites/default/files/EstadisticasGeneral/2_1_2c26_smc.xls
2026-09-21,DOP,14.45264157,https://www.bcv.org.ve/sites/default/files/EstadisticasGeneral/2_1_2c26_smc.xls
2026-09-21,TTD,126.16248057,https://www.bcv.org.ve/sites/default/files/EstadisticasGeneral/2_1_2c26_smc.xls
2026-09-21,ANG,488.74307665,https://www.bcv.org.ve/sites/default/files/EstadisticasGeneral/2_1_2c26_smc.xls
2026-09-22,EUR,976.54829408,https://www.bcv.org.ve/sites/default/files/EstadisticasGeneral/2_1_2c26_smc.xls
2026-09-22,CNY,127.40697118,https://www.bcv.org.ve/sites/default/files/EstadisticasGeneral/2_1_2c26_smc.xls
2026-09-22,TRY,17.48432964,https://www.bcv.org.ve/sites/default/files/EstadisticasGeneral/2_1_2c26_smc.xls
2026-09-22,RUB,10.12553178,https://www.bcv.org.ve/sites/default/files/EstadisticasGeneral/2_1_2c26_smc.xls
2026-09-22,USD,853.4993,https://www.bcv.org.ve/sites/default/files/EstadisticasGeneral/2_1_2c26_smc.xls
2026-09-22,CAD,606.87673317,https://www.bcv.org.ve/sites/default/files/EstadisticasGeneral/2_1_2c26_smc.xls
2026-09-22,INR,8.92968508,https://www.bcv.org.ve/sites/default/files/EstadisticasGeneral/2_1_2c26_smc.xls
2026-09-22,JPY,5.42527793,https://www.bcv.org.ve/sites/default/files/EstadisticasGeneral/2_1_2c26_smc.xls
2026-09-22,ARS,0.56411057,https://www.bcv.org.ve/sites/default/files/EstadisticasGeneral/2_1_2c26_smc.xls
2026-09-22,BRL,167.02530332,https://www.bcv.org.ve/sites/default/files/EstadisticasGeneral/2_1_2c26_smc.xls
2026-09-22,CLP,0.90371896,https://www.bcv.org.ve/sites/default/files/EstadisticasGeneral/2_1_2c26_smc.xls
2026-09-22,COP,0.26595391,https://www.bcv.org.ve/sites/default/files/EstadisticasGeneral/2_1_2c26_smc.xls
2026-09-22,UYU,21.30339706,https://www.bcv.org.ve/sites/default/files/EstadisticasGeneral/2_1_2c26_smc.xls
2026-09-22,PEN,254.43413325,https://www.bcv.org.ve/sites/default/files/EstadisticasGeneral/2_1_2c26_smc.xls
2026-09-22,BOB,72.02525738,https://www.bcv.org.ve/sites/default/files/EstadisticasGeneral/2_1_2c26_smc.xls
2026-09-22,MXP,49.36089873,https://www.bcv.org.ve/sites/default/files/EstadisticasGeneral/2_1_2c26_smc.xls
2026-09-22,CUC,853.4993,https://www.bcv.org.ve/sites/default/files/EstadisticasGeneral/2_1_2c26_smc.xls
2026-09-22,NIO,23.91417507,https://www.bcv.org.ve/sites/default/files/EstadisticasGeneral/2_1_2c26_smc.xls
2026-09-22,DOP,14.42452763,https://www.bcv.org.ve/sites/default/files/EstadisticasGeneral/2_1_2c26_smc.xls
2026-09-22,TTD,126.70714073,https://www.bcv.org.ve/sites/default/files/EstadisticasGeneral/2_1_2c26_smc.xls
2026-09-22,ANG,489.36374061,https://www.bcv.org.ve/sites/default/files/EstadisticasGeneral/2_1_2c26_smc.xls
2026-09-23,EUR,974.06298408,https://www.bcv.org.ve/sites/default/files/EstadisticasGeneral/2_1_2c26_smc.xls
2026-09-23,CNY,127.32854992,https://www.bcv.org.ve/sites/default/files/EstadisticasGeneral/2_1_2c26_smc.xls
2026-09-23,TRY,17.4978846,https://www.bcv.org.ve/sites/default/files/EstadisticasGeneral/2_1_2c26_smc.xls
2026-09-23,RUB,10.10840766,https://www.bcv.org.ve/sites/default/files/EstadisticasGeneral/2_1_2c26_smc.xls
2026-09-23,USD,854.4637,https://www.bcv.org.ve/sites/default/files/EstadisticasGeneral/2_1_2c26_smc.xls
2026-09-23,CAD,606.13158828,https://www.bcv.org.ve/sites/default/files/EstadisticasGeneral/2_1_2c26_smc.xls
2026-09-23,INR,8.92576726,https://www.bcv.org.ve/sites/default/files/EstadisticasGeneral/2_1_2c26_smc.xls
2026-09-23,JPY,5.40126361,https://www.bcv.org.ve/sites/default/files/EstadisticasGeneral/2_1_2c26_smc.xls
2026-09-23,ARS,0.5636304,https://www.bcv.org.ve/sites/default/files/EstadisticasGeneral/2_1_2c26_smc.xls
2026-09-23,BRL,166.26718686,https://www.bcv.org.ve/sites/default/files/EstadisticasGeneral/2_1_2c26_smc.xls
2026-09-23,CLP,0.89053945,https://www.bcv.org.ve/sites/default/files/EstadisticasGeneral/2_1_2c26_smc.xls
2026-09-23,COP,0.2618163,https://www.bcv.org.ve/sites/default/files/EstadisticasGeneral/2_1_2c26_smc.xls
2026-09-23,UYU,21.33385848,https://www.bcv.org.ve/sites/default/files/EstadisticasGeneral/2_1_2c26_smc.xls
2026-09-23,PEN,253.14442732,https://www.bcv.org.ve/sites/default/files/EstadisticasGeneral/2_1_2c26_smc.xls
2026-09-23,BOB,71.14601998,https://www.bcv.org.ve/sites/default/files/EstadisticasGeneral/2_1_2c26_smc.xls
2026-09-23,MXP,48.90950355,https://www.bcv.org.ve/sites/default/files/EstadisticasGeneral/2_1_2c26_smc.xls
2026-09-23,CUC,854.4637,https://www.bcv.org.ve/sites/default/files/EstadisticasGeneral/2_1_2c26_smc.xls
2026-09-23,NIO,23.95865029,https://www.bcv.org.ve/sites/default/files/EstadisticasGeneral/2_1_2c26_smc.xls
2026-09-23,DOP,14.42376266,https://www.bcv.org.ve/sites/default/files/EstadisticasGeneral/2_1_2c26_smc.xls
2026-09-23,TTD,126.35322735,https://www.bcv.org.ve/sites/default/files/EstadisticasGeneral/2_1_2c26_smc.xls
2026-09-23,ANG,489.91669055,https://www.bcv.org.ve/sites/default/files/EstadisticasGeneral/2_1_2c26_smc.xls
2026-09-24,EUR,972.648677,https://www.bcv.org.ve/sites/default/files/EstadisticasGeneral/2_1_2c26_smc.xls
2026-09-24,CNY,127.50149009,https://www.bcv.org.ve/sites/default/files/EstadisticasGeneral/2_1_2c26_smc.xls
2026-09-24,TRY,17.54485339,https://www.bcv.org.ve/sites/default/files/EstadisticasGeneral/2_1_2c26_smc.xls
2026-09-24,RUB,10.0676244,https://www.bcv.org.ve/sites/default/files/EstadisticasGeneral/2_1_2c26_smc.xls
2026-09-24,USD,855.6625,https://www.bcv.org.ve/sites/default/files/EstadisticasGeneral/2_1_2c26_smc.xls
2026-09-24,CAD,605.02061134,https://www.bcv.org.ve/sites/default/files/EstadisticasGeneral/2_1_2c26_smc.xls
2026-09-24,INR,8.91826046,https://www.bcv.org.ve/sites/default/files/EstadisticasGeneral/2_1_2c26_smc.xls
2026-09-24,JPY,5.38328572,https://www.bcv.org.ve/sites/default/files/EstadisticasGeneral/2_1_2c26_smc.xls
2026-09-24,ARS,0.56386326,https://www.bcv.org.ve/sites/default/files/EstadisticasGeneral/2_1_2c26_smc.xls
2026-09-24,BRL,164.76277126,https://www.bcv.org.ve/sites/default/files/EstadisticasGeneral/2_1_2c26_smc.xls
2026-09-24,CLP,0.88485382,https://www.bcv.org.ve/sites/default/files/EstadisticasGeneral/2_1_2c26_smc.xls
2026-09-24,COP,0.25680147,https://www.bcv.org.ve/sites/default/files/EstadisticasGeneral/2_1_2c26_smc.xls
2026-09-24,UYU,21.36538989,https://www.bcv.org.ve/sites/default/files/EstadisticasGeneral/2_1_2c26_smc.xls
2026-09-24,PEN,251.19260803,https://www.bcv.org.ve/sites/default/files/EstadisticasGeneral/2_1_2c26_smc.xls
2026-09-24,BOB,70.25143678,https://www.bcv.org.ve/sites/default/files/EstadisticasGeneral/2_1_2c26_smc.xls
2026-09-24,MXP,48.44021557,https://www.bcv.org.ve/sites/default/files/EstadisticasGeneral/2_1_2c26_smc.xls
2026-09-24,CUC,855.6625,https://www.bcv.org.ve/sites/default/files/EstadisticasGeneral/2_1_2c26_smc.xls
2026-09-24,NIO,23.98567299,https://www.bcv.org.ve/sites/default/files/EstadisticasGeneral/2_1_2c26_smc.xls
2026-09-24,DOP,14.4172283,https://www.bcv.org.ve/sites/default/files/EstadisticasGeneral/2_1_2c26_smc.xls
2026-09-24,TTD,126.45756975,https://www.bcv.org.ve/sites/default/files/EstadisticasGeneral/2_1_2c26_smc.xls
2026-09-24,ANG,490.60403646,https://www.bcv.org.ve/sites/default/files/EstadisticasGeneral/2_1_2c26_smc.xls
2026-09-25,EUR,976.90091142,https://www.bcv.org.ve/sites/default/files/EstadisticasGeneral/2_1_2c26_smc.xls
2026-09-25,CNY,127.67692147,https://www.bcv.org.ve/sites/default/files/EstadisticasGeneral/2_1_2c26_smc.xls
2026-09-25,TRY,17.50348841,https://www.bcv.org.ve/sites/default/files/EstadisticasGeneral/2_1_2c26_smc.xls
2026-09-25,RUB,10.17876014,https://www.bcv.org.ve/sites/default/files/EstadisticasGeneral/2_1_2c26_smc.xls
2026-09-25,USD,857.0058,https://www.bcv.org.ve/sites/default/files/EstadisticasGeneral/2_1_2c26_smc.xls
2026-09-25,CAD,606.17187721,https://www.bcv.org.ve/sites/default/files/EstadisticasGeneral/2_1_2c26_smc.xls
2026-09-25,INR,8.94298027,https://www.bcv.org.ve/sites/default/files/EstadisticasGeneral/2_1_2c26_smc.xls
2026-09-25,JPY,5.45006136,https://www.bcv.org.ve/sites/default/files/EstadisticasGeneral/2_1_2c26_smc.xls
2026-09-25,ARS,0.56270899,https://www.bcv.org.ve/sites/default/files/EstadisticasGeneral/2_1_2c26_smc.xls
2026-09-25,BRL,164.68845843,https://www.bcv.org.ve/sites/default/files/EstadisticasGeneral/2_1_2c26_smc.xls
2026-09-25,CLP,0.88524511,https://www.bcv.org.ve/sites/default/files/EstadisticasGeneral/2_1_2c26_smc.xls
2026-09-25,COP,0.25969872,https://www.bcv.org.ve/sites/default/files/EstadisticasGeneral/2_1_2c26_smc.xls
2026-09-25,UYU,21.31113045,https://www.bcv.org.ve/sites/default/files/EstadisticasGeneral/2_1_2c26_smc.xls
2026-09-25,PEN,250.06004901,https://www.bcv.org.ve/sites/default/files/EstadisticasGeneral/2_1_2c26_smc.xls
2026-09-25,BOB,70.41953985,https://www.bcv.org.ve/sites/default/files/EstadisticasGeneral/2_1_2c26_smc.xls
2026-09-25,MXP,48.34329713,https://www.bcv.org.ve/sites/default/files/EstadisticasGeneral/2_1_2c26_smc.xls
2026-09-25,CUC,857.0058,https://www.bcv.org.ve/sites/default/files/EstadisticasGeneral/2_1_2c26_smc.xls
2026-09-25,NIO,24.04928245,https://www.bcv.org.ve/sites/default/files/EstadisticasGeneral/2_1_2c26_smc.xls
2026-09-25,DOP,14.43986183,https://www.bcv.org.ve/sites/default/files/EstadisticasGeneral/2_1_2c26_smc.xls
2026-09-25,TTD,126.65609482,https://www.bcv.org.ve/sites/default/files/EstadisticasGeneral/2_1_2c26_smc.xls
2026-09-25,ANG,491.37423312,https://www.bcv.org.ve/sites/default/files/EstadisticasGeneral/2_1_2c26_smc.xls
2026-09-28,EUR,974.71473336,https://www.bcv.org.ve/sites/default/files/EstadisticasGeneral/2_1_2c26_smc.xls
2026-09-28,CNY,127.85591224,https://www.bcv.org.ve/sites/default/files/EstadisticasGeneral/2_1_2c26_smc.xls
2026-09-28,TRY,17.51451925,https://www.bcv.org.ve/sites/default/files/EstadisticasGeneral/2_1_2c26_smc.xls
2026-09-28,RUB,10.15290046,https://www.bcv.org.ve/sites/default/files/EstadisticasGeneral/2_1_2c26_smc.xls
2026-09-28,USD,857.8876,https://www.bcv.org.ve/sites/default/files/EstadisticasGeneral/2_1_2c26_smc.xls
2026-09-28,CAD,605.5107284,https://www.bcv.org.ve/sites/default/files/EstadisticasGeneral/2_1_2c26_smc.xls
2026-09-28,INR,8.93884321,https://www.bcv.org.ve/sites/default/files/EstadisticasGeneral/2_1_2c26_smc.xls
2026-09-28,JPY,5.44524589,https://www.bcv.org.ve/sites/default/files/EstadisticasGeneral/2_1_2c26_smc.xls
2026-09-28,ARS,0.56273374,https://www.bcv.org.ve/sites/default/files/EstadisticasGeneral/2_1_2c26_smc.xls
2026-09-28,BRL,164.447094,https://www.bcv.org.ve/sites/default/files/EstadisticasGeneral/2_1_2c26_smc.xls
2026-09-28,CLP,0.8862933,https://www.bcv.org.ve/sites/default/files/EstadisticasGeneral/2_1_2c26_smc.xls
2026-09-28,COP,0.25574231,https://www.bcv.org.ve/sites/default/files/EstadisticasGeneral/2_1_2c26_smc.xls
2026-09-28,UYU,21.24009903,https://www.bcv.org.ve/sites/default/files/EstadisticasGeneral/2_1_2c26_smc.xls
2026-09-28,PEN,249.53100639,https://www.bcv.org.ve/sites/default/files/EstadisticasGeneral/2_1_2c26_smc.xls
2026-09-28,BOB,71.6099833,https://www.bcv.org.ve/sites/default/files/EstadisticasGeneral/2_1_2c26_smc.xls
2026-09-28,MXP,48.06335333,https://www.bcv.org.ve/sites/default/files/EstadisticasGeneral/2_1_2c26_smc.xls
2026-09-28,CUC,857.8876,https://www.bcv.org.ve/sites/default/files/EstadisticasGeneral/2_1_2c26_smc.xls
2026-09-28,NIO,24.05330551,https://www.bcv.org.ve/sites/default/files/EstadisticasGeneral/2_1_2c26_smc.xls
2026-09-28,DOP,14.47178812,https://www.bcv.org.ve/sites/default/files/EstadisticasGeneral/2_1_2c26_smc.xls
2026-09-28,TTD,127.71886258,https://www.bcv.org.ve/sites/default/files/EstadisticasGeneral/2_1_2c26_smc.xls
2026-09-28,ANG,491.8798234,https://www.bcv.org.ve/sites/default/files/EstadisticasGeneral/2_1_2c26_smc.xls
2026-09-29,EUR,973.30967507,https://www.bcv.org.ve/sites/default/files/EstadisticasGeneral/2_1_2c26_smc.xls
2026-09-29,CNY,128.17051846,https://www.bcv.org.ve/sites/default/files/EstadisticasGeneral/2_1_2c26_smc.xls
2026-09-29,TRY,17.53314828,https://www.bcv.org.ve/sites/default/files/EstadisticasGeneral/2_1_2c26_smc.xls
2026-09-29,RUB,10.22815692,https://www.bcv.org.ve/sites/default/files/EstadisticasGeneral/2_1_2c26_smc.xls
2026-09-29,USD,859.0629,https://www.bcv.org.ve/sites/default/files/EstadisticasGeneral/2_1_2c26_smc.xls
2026-09-29,CAD,605.09744947,https://www.bcv.org.ve/sites/default/files/EstadisticasGeneral/2_1_2c26_smc.xls
2026-09-29,INR,8.95136917,https://www.bcv.org.ve/sites/default/files/EstadisticasGeneral/2_1_2c26_smc.xls
2026-09-29,JPY,5.44807206,https://www.bcv.org.ve/sites/default/files/EstadisticasGeneral/2_1_2c26_smc.xls
2026-09-29,ARS,0.56350469,https://www.bcv.org.ve/sites/default/files/EstadisticasGeneral/2_1_2c26_smc.xls
2026-09-29,BRL,164.18770306,https://www.bcv.org.ve/sites/default/files/EstadisticasGeneral/2_1_2c26_smc.xls
2026-09-29,CLP,0.88129804,https://www.bcv.org.ve/sites/default/files/EstadisticasGeneral/2_1_2c26_smc.xls
2026-09-29,COP,0.25712747,https://www.bcv.org.ve/sites/default/files/EstadisticasGeneral/2_1_2c26_smc.xls
2026-09-29,UYU,21.3309885,https://www.bcv.org.ve/sites/default/files/EstadisticasGeneral/2_1_2c26_smc.xls
2026-09-29,PEN,248.79460743,https://www.bcv.org.ve/sites/default/files/EstadisticasGeneral/2_1_2c26_smc.xls
2026-09-29,BOB,71.82800167,https://www.bcv.org.ve/sites/default/files/EstadisticasGeneral/2_1_2c26_smc.xls
2026-09-29,MXP,47.54978247,https://www.bcv.org.ve/sites/default/files/EstadisticasGeneral/2_1_2c26_smc.xls
2026-09-29,CUC,859.0629,https://www.bcv.org.ve/sites/default/files/EstadisticasGeneral/2_1_2c26_smc.xls
2026-09-29,NIO,24.07997948,https://www.bcv.org.ve/sites/default/files/EstadisticasGeneral/2_1_2c26_smc.xls
2026-09-29,DOP,14.49405938,https://www.bcv.org.ve/sites/default/files/EstadisticasGeneral/2_1_2c26_smc.xls
2026-09-29,TTD,128.1571339,https://www.bcv.org.ve/sites/default/files/EstadisticasGeneral/2_1_2c26_smc.xls
2026-09-29,ANG,492.55369531,https://www.bcv.org.ve/sites/default/files/EstadisticasGeneral/2_1_2c26_smc.xls
2026-09-30,EUR,976.84087593,https://www.bcv.org.ve/sites/default/files/EstadisticasGeneral/2_1_2c26_smc.xls
2026-09-30,CNY,128.30777147,https://www.bcv.org.ve/sites/default/files/EstadisticasGeneral/2_1_2c26_smc.xls
2026-09-30,TRY,17.54840587,https://www.bcv.org.ve/sites/default/files/EstadisticasGeneral/2_1_2c26_smc.xls
2026-09-30,RUB,10.30157462,https://www.bcv.org.ve/sites/default/files/EstadisticasGeneral/2_1_2c26_smc.xls
2026-09-30,USD,860.1753,https://www.bcv.org.ve/sites/default/files/EstadisticasGeneral/2_1_2c26_smc.xls
2026-09-30,CAD,605.84258346,https://www.bcv.org.ve/sites/default/files/EstadisticasGeneral/2_1_2c26_smc.xls
2026-09-30,INR,8.97699123,https://www.bcv.org.ve/sites/default/files/EstadisticasGeneral/2_1_2c26_smc.xls
2026-09-30,JPY,5.47286267,https://www.bcv.org.ve/sites/default/files/EstadisticasGeneral/2_1_2c26_smc.xls
2026-09-30,ARS,0.56432691,https://www.bcv.org.ve/sites/default/files/EstadisticasGeneral/2_1_2c26_smc.xls
2026-09-30,BRL,166.25600139,https://www.bcv.org.ve/sites/default/files/EstadisticasGeneral/2_1_2c26_smc.xls
2026-09-30,CLP,0.88406267,https://www.bcv.org.ve/sites/default/files/EstadisticasGeneral/2_1_2c26_smc.xls
2026-09-30,COP,0.26001308,https://www.bcv.org.ve/sites/default/files/EstadisticasGeneral/2_1_2c26_smc.xls
2026-09-30,UYU,21.37771951,https://www.bcv.org.ve/sites/default/files/EstadisticasGeneral/2_1_2c26_smc.xls
2026-09-30,PEN,250.94824517,https://www.bcv.org.ve/sites/default/files/EstadisticasGeneral/2_1_2c26_smc.xls
2026-09-30,BOB,71.86092731,https://www.bcv.org.ve/sites/default/files/EstadisticasGeneral/2_1_2c26_smc.xls
2026-09-30,MXP,47.76124798,https://www.bcv.org.ve/sites/default/files/EstadisticasGeneral/2_1_2c26_smc.xls
2026-09-30,CUC,860.1753,https://www.bcv.org.ve/sites/default/files/EstadisticasGeneral/2_1_2c26_smc.xls
2026-09-30,NIO,24.10467423,https://www.bcv.org.ve/sites/default/files/EstadisticasGeneral/2_1_2c26_smc.xls
2026-09-30,DOP,14.91417945,https://www.bcv.org.ve/sites/default/files/EstadisticasGeneral/2_1_2c26_smc.xls
2026-09-30,TTD,128.01370658,https://www.bcv.org.ve/sites/default/files/EstadisticasGeneral/2_1_2c26_smc.xls
2026-09-30,ANG,493.19150278,https://www.bcv.org.ve/sites/default/files/EstadisticasGeneral/2_1_2c26_smc.xls
2026-10-01,EUR,973.92813268,https://www.bcv.org.ve/sites/default/files/EstadisticasGeneral/2_1_2d26_smc.xls
2026-10-01,CNY,129.24489917,https://www.bcv.org.ve/sites/default/files/EstadisticasGeneral/2_1_2d26_smc.xls
2026-10-01,TRY,17.67424576,https://www.bcv.org.ve/sites/default/files/EstadisticasGeneral/2_1_2d26_smc.xls
2026-10-01,RUB,10.37922146,https://www.bcv.org.ve/sites/default/files/EstadisticasGeneral/2_1_2d26_smc.xls
2026-10-01,USD,866.5612,https://www.bcv.org.ve/sites/default/files/EstadisticasGeneral/2_1_2d26_smc.xls
2026-10-01,CAD,607.89982462,https://www.bcv.org.ve/sites/default/files/EstadisticasGeneral/2_1_2d26_smc.xls
2026-10-01,INR,8.99715724,https://www.bcv.org.ve/sites/default/files/EstadisticasGeneral/2_1_2d26_smc.xls
2026-10-01,JPY,5.50351336,https://www.bcv.org.ve/sites/default/files/EstadisticasGeneral/2_1_2d26_smc.xls
2026-10-01,ARS,0.56842322,https://www.bcv.org.ve/sites/default/files/EstadisticasGeneral/2_1_2d26_smc.xls
2026-10-01,BRL,165.80143499,https://www.bcv.org.ve/sites/default/files/EstadisticasGeneral/2_1_2d26_smc.xls
2026-10-01,CLP,0.87877618,https://www.bcv.org.ve/sites/default/files/EstadisticasGeneral/2_1_2d26_smc.xls
2026-10-01,COP,0.26168237,https://www.bcv.org.ve/sites/default/files/EstadisticasGeneral/2_1_2d26_smc.xls
2026-10-01,UYU,21.51023184,https://www.bcv.org.ve/sites/default/files/EstadisticasGeneral/2_1_2d26_smc.xls
2026-10-01,PEN,251.1480408,https://www.bcv.org.ve/sites/default/files/EstadisticasGeneral/2_1_2d26_smc.xls
2026-10-01,BOB,72.5763149,https://www.bcv.org.ve/sites/default/files/EstadisticasGeneral/2_1_2d26_smc.xls
2026-10-01,MXP,47.22121289,https://www.bcv.org.ve/sites/default/files/EstadisticasGeneral/2_1_2d26_smc.xls
2026-10-01,CUC,866.5612,https://www.bcv.org.ve/sites/default/files/EstadisticasGeneral/2_1_2d26_smc.xls
2026-10-01,NIO,24.28308178,https://www.bcv.org.ve/sites/default/files/EstadisticasGeneral/2_1_2d26_smc.xls
2026-10-01,DOP,14.55915994,https://www.bcv.org.ve/sites/default/files/EstadisticasGeneral/2_1_2d26_smc.xls
2026-10-01,TTD,129.45148713,https://www.bcv.org.ve/sites/default/files/EstadisticasGeneral/2_1_2d26_smc.xls
2026-10-01,ANG,496.85293274,https://www.bcv.org.ve/sites/default/files/EstadisticasGeneral/2_1_2d26_smc.xls
2026-10-02,EUR,981.17880877,https://www.bcv.org.ve/sites/default/files/EstadisticasGeneral/2_1_2d26_smc.xls
2026-10-02,CNY,129.97746121,https://www.bcv.org.ve/sites/default/files/EstadisticasGeneral/2_1_2d26_smc.xls
2026-10-02,TRY,17.73255527,https://www.bcv.org.ve/sites/default/files/EstadisticasGeneral/2_1_2d26_smc.xls
2026-10-02,RUB,10.39904073,https://www.bcv.org.ve/sites/default/files/EstadisticasGeneral/2_1_2d26_smc.xls
2026-10-02,USD,871.3689,https://www.bcv.org.ve/sites/default/files/EstadisticasGeneral/2_1_2d26_smc.xls
2026-10-02,CAD,611.22958754,https://www.bcv.org.ve/sites/default/files/EstadisticasGeneral/2_1_2d26_smc.xls
2026-10-02,INR,9.04848286,https://www.bcv.org.ve/sites/default/files/EstadisticasGeneral/2_1_2d26_smc.xls
2026-10-02,JPY,5.52534431,https://www.bcv.org.ve/sites/default/files/EstadisticasGeneral/2_1_2d26_smc.xls
2026-10-02,ARS,0.57167059,https://www.bcv.org.ve/sites/default/files/EstadisticasGeneral/2_1_2d26_smc.xls
2026-10-02,BRL,166.82663884,https://www.bcv.org.ve/sites/default/files/EstadisticasGeneral/2_1_2d26_smc.xls
2026-10-02,CLP,0.88238995,https://www.bcv.org.ve/sites/default/files/EstadisticasGeneral/2_1_2d26_smc.xls
2026-10-02,COP,0.26682453,https://www.bcv.org.ve/sites/default/files/EstadisticasGeneral/2_1_2d26_smc.xls
2026-10-02,UYU,21.53495539,https://www.bcv.org.ve/sites/default/files/EstadisticasGeneral/2_1_2d26_smc.xls
2026-10-02,PEN,253.48176053,https://www.bcv.org.ve/sites/default/files/EstadisticasGeneral/2_1_2d26_smc.xls
2026-10-02,BOB,73.04014249,https://www.bcv.org.ve/sites/default/files/EstadisticasGeneral/2_1_2d26_smc.xls
2026-10-02,MXP,47.91137124,https://www.bcv.org.ve/sites/default/files/EstadisticasGeneral/2_1_2d26_smc.xls
2026-10-02,CUC,871.3689,https://www.bcv.org.ve/sites/default/files/EstadisticasGeneral/2_1_2d26_smc.xls
2026-10-02,NIO,24.4490463,https://www.bcv.org.ve/sites/default/files/EstadisticasGeneral/2_1_2d26_smc.xls
2026-10-02,DOP,14.63747522,https://www.bcv.org.ve/sites/default/files/EstadisticasGeneral/2_1_2d26_smc.xls
2026-10-02,TTD,130.30010168,https://www.bcv.org.ve/sites/default/files/EstadisticasGeneral/2_1_2d26_smc.xls
2026-10-02,ANG,499.6094834,https://www.bcv.org.ve/sites/default/files/EstadisticasGeneral/2_1_2d26_smc.xls
2026-10-05,EUR,977.21940683,https://www.bcv.org.ve/sites/default/files/EstadisticasGeneral/2_1_2d26_smc.xls
2026-10-05,CNY,130.13017601,https://www.bcv.org.ve/sites/default/files/EstadisticasGeneral/2_1_2d26_smc.xls
2026-10-05,TRY,17.74907713,https://www.bcv.org.ve/sites/default/files/EstadisticasGeneral/2_1_2d26_smc.xls
2026-10-05,RUB,10.22854613,https://www.bcv.org.ve/sites/default/files/EstadisticasGeneral/2_1_2d26_smc.xls
2026-10-05,USD,872.3927,https://www.bcv.org.ve/sites/default/files/EstadisticasGeneral/2_1_2d26_smc.xls
2026-10-05,CAD,612.33001803,https://www.bcv.org.ve/sites/default/files/EstadisticasGeneral/2_1_2d26_smc.xls
2026-10-05,INR,9.06071372,https://www.bcv.org.ve/sites/default/files/EstadisticasGeneral/2_1_2d26_smc.xls
2026-10-05,JPY,5.51972603,https://www.bcv.org.ve/sites/default/files/EstadisticasGeneral/2_1_2d26_smc.xls
2026-10-05,ARS,0.57234226,https://www.bcv.org.ve/sites/default/files/EstadisticasGeneral/2_1_2d26_smc.xls
2026-10-05,BRL,175.05622554,https://www.bcv.org.ve/sites/default/files/EstadisticasGeneral/2_1_2d26_smc.xls
2026-10-05,CLP,0.8953954,https://www.bcv.org.ve/sites/default/files/EstadisticasGeneral/2_1_2d26_smc.xls
2026-10-05,COP,0.27073602,https://www.bcv.org.ve/sites/default/files/EstadisticasGeneral/2_1_2d26_smc.xls
2026-10-05,UYU,21.62492439,https://www.bcv.org.ve/sites/default/files/EstadisticasGeneral/2_1_2d26_smc.xls
2026-10-05,PEN,254.98120652,https://www.bcv.org.ve/sites/default/files/EstadisticasGeneral/2_1_2d26_smc.xls
2026-10-05,BOB,73.00357322,https://www.bcv.org.ve/sites/default/files/EstadisticasGeneral/2_1_2d26_smc.xls
2026-10-05,MXP,48.02047107,https://www.bcv.org.ve/sites/default/files/EstadisticasGeneral/2_1_2d26_smc.xls
2026-10-05,CUC,872.3927,https://www.bcv.org.ve/sites/default/files/EstadisticasGeneral/2_1_2d26_smc.xls
2026-10-05,NIO,24.47296561,https://www.bcv.org.ve/sites/default/files/EstadisticasGeneral/2_1_2d26_smc.xls
2026-10-05,DOP,14.5811917,https://www.bcv.org.ve/sites/default/files/EstadisticasGeneral/2_1_2d26_smc.xls
2026-10-05,TTD,130.6368224,https://www.bcv.org.ve/sites/default/files/EstadisticasGeneral/2_1_2d26_smc.xls
2026-10-05,ANG,500.19649102,https://www.bcv.org.ve/sites/default/files/EstadisticasGeneral/2_1_2d26_smc.xls
2026-10-06,EUR,984.26261811,https://www.bcv.org.ve/sites/default/files/EstadisticasGeneral/2_1_2d26_smc.xls
2026-10-06,CNY,130.3403684,https://www.bcv.org.ve/sites/default/files/EstadisticasGeneral/2_1_2d26_smc.xls
2026-10-06,TRY,17.7701205,https://www.bcv.org.ve/sites/default/files/EstadisticasGeneral/2_1_2d26_smc.xls
2026-10-06,RUB,10.22986756,https://www.bcv.org.ve/sites/default/files/EstadisticasGeneral/2_1_2d26_smc.xls
2026-10-06,USD,873.867,https://www.bcv.org.ve/sites/default/files/EstadisticasGeneral/2_1_2d26_smc.xls
2026-10-06,CAD,614.343663,https://www.bcv.org.ve/sites/default/files/EstadisticasGeneral/2_1_2d26_smc.xls
2026-10-06,INR,9.06407011,https://www.bcv.org.ve/sites/default/files/EstadisticasGeneral/2_1_2d26_smc.xls
2026-10-06,JPY,5.52849442,https://www.bcv.org.ve/sites/default/files/EstadisticasGeneral/2_1_2d26_smc.xls
2026-10-06,ARS,0.57472344,https://www.bcv.org.ve/sites/default/files/EstadisticasGeneral/2_1_2d26_smc.xls
2026-10-06,BRL,175.57754515,https://www.bcv.org.ve/sites/default/files/EstadisticasGeneral/2_1_2d26_smc.xls
2026-10-06,CLP,0.90154441,https://www.bcv.org.ve/sites/default/files/EstadisticasGeneral/2_1_2d26_smc.xls
2026-10-06,COP,0.27153062,https://www.bcv.org.ve/sites/default/files/EstadisticasGeneral/2_1_2d26_smc.xls
2026-10-06,UYU,21.79654295,https://www.bcv.org.ve/sites/default/files/EstadisticasGeneral/2_1_2d26_smc.xls
2026-10-06,PEN,254.81629439,https://www.bcv.org.ve/sites/default/files/EstadisticasGeneral/2_1_2d26_smc.xls
2026-10-06,BOB,73.43420168,https://www.bcv.org.ve/sites/default/files/EstadisticasGeneral/2_1_2d26_smc.xls
2026-10-06,MXP,48.64599917,https://www.bcv.org.ve/sites/default/files/EstadisticasGeneral/2_1_2d26_smc.xls
2026-10-06,CUC,873.867,https://www.bcv.org.ve/sites/default/files/EstadisticasGeneral/2_1_2d26_smc.xls
2026-10-06,NIO,24.54075958,https://www.bcv.org.ve/sites/default/files/EstadisticasGeneral/2_1_2d26_smc.xls
2026-10-06,DOP,14.47758449,https://www.bcv.org.ve/sites/default/files/EstadisticasGeneral/2_1_2d26_smc.xls
2026-10-06,TTD,130.72056843,https://www.bcv.org.ve/sites/default/files/EstadisticasGeneral/2_1_2d26_smc.xls
2026-10-06,ANG,501.04179806,https://www.bcv.org.ve/sites/default/files/EstadisticasGeneral/2_1_2d26_smc.xls
2026-10-07,EUR,979.0788922,https://www.bcv.org.ve/sites/default/files/EstadisticasGeneral/2_1_2d26_smc.xls
2026-10-07,CNY,130.46356341,https://www.bcv.org.ve/sites/default/files/EstadisticasGeneral/2_1_2d26_smc.xls
2026-10-07,TRY,17.7819991,https://www.bcv.org.ve/sites/default/files/EstadisticasGeneral/2_1_2d26_smc.xls
2026-10-07,RUB,10.22960031,https://www.bcv.org.ve/sites/default/files/EstadisticasGeneral/2_1_2d26_smc.xls
2026-10-07,USD,874.7321,https://www.bcv.org.ve/sites/default/files/EstadisticasGeneral/2_1_2d26_smc.xls
2026-10-07,CAD,613.71788395,https://www.bcv.org.ve/sites/default/files/EstadisticasGeneral/2_1_2d26_smc.xls
2026-10-07,INR,9.03975714,https://www.bcv.org.ve/sites/default/files/EstadisticasGeneral/2_1_2d26_smc.xls
2026-10-07,JPY,5.53344234,https://www.bcv.org.ve/sites/default/files/EstadisticasGeneral/2_1_2d26_smc.xls
2026-10-07,ARS,0.57510328,https://www.bcv.org.ve/sites/default/files/EstadisticasGeneral/2_1_2d26_smc.xls
2026-10-07,BRL,175.41653631,https://www.bcv.org.ve/sites/default/files/EstadisticasGeneral/2_1_2d26_smc.xls
2026-10-07,CLP,0.89376025,https://www.bcv.org.ve/sites/default/files/EstadisticasGeneral/2_1_2d26_smc.xls
2026-10-07,COP,0.26905727,https://www.bcv.org.ve/sites/default/files/EstadisticasGeneral/2_1_2d26_smc.xls
2026-10-07,UYU,21.81812082,https://www.bcv.org.ve/sites/default/files/EstadisticasGeneral/2_1_2d26_smc.xls
2026-10-07,PEN,254.2825872,https://www.bcv.org.ve/sites/default/files/EstadisticasGeneral/2_1_2d26_smc.xls
2026-10-07,BOB,73.69267902,https://www.bcv.org.ve/sites/default/files/EstadisticasGeneral/2_1_2d26_smc.xls
2026-10-07,MXP,48.58570087,https://www.bcv.org.ve/sites/default/files/EstadisticasGeneral/2_1_2d26_smc.xls
2026-10-07,CUC,874.7321,https://www.bcv.org.ve/sites/default/files/EstadisticasGeneral/2_1_2d26_smc.xls
2026-10-07,NIO,24.53845441,https://www.bcv.org.ve/sites/default/files/EstadisticasGeneral/2_1_2d26_smc.xls
2026-10-07,DOP,14.37521939,https://www.bcv.org.ve/sites/default/files/EstadisticasGeneral/2_1_2d26_smc.xls
2026-10-07,TTD,130.56677363,https://www.bcv.org.ve/sites/default/files/EstadisticasGeneral/2_1_2d26_smc.xls
2026-10-07,ANG,501.53781319,https://www.bcv.org.ve/sites/default/files/EstadisticasGeneral/2_1_2d26_smc.xls
2026-10-08,EUR,980.61472543,https://www.bcv.org.ve/sites/default/files/EstadisticasGeneral/2_1_2d26_smc.xls
2026-10-08,CNY,130.66290139,https://www.bcv.org.ve/sites/default/files/EstadisticasGeneral/2_1_2d26_smc.xls
2026-10-08,TRY,17.79357915,https://www.bcv.org.ve/sites/default/files/EstadisticasGeneral/2_1_2d26_smc.xls
2026-10-08,RUB,10.266129,https://www.bcv.org.ve/sites/default/files/EstadisticasGeneral/2_1_2d26_smc.xls
2026-10-08,USD,875.6505,https://www.bcv.org.ve/sites/default/files/EstadisticasGeneral/2_1_2d26_smc.xls
2026-10-08,CAD,615.06131995,https://www.bcv.org.ve/sites/default/files/EstadisticasGeneral/2_1_2d26_smc.xls
2026-10-08,INR,9.04878061,https://www.bcv.org.ve/sites/default/files/EstadisticasGeneral/2_1_2d26_smc.xls
2026-10-08,JPY,5.53193821,https://www.bcv.org.ve/sites/default/files/EstadisticasGeneral/2_1_2d26_smc.xls
2026-10-08,ARS,0.5764651,https://www.bcv.org.ve/sites/default/files/EstadisticasGeneral/2_1_2d26_smc.xls
2026-10-08,BRL,174.67594254,https://www.bcv.org.ve/sites/default/files/EstadisticasGeneral/2_1_2d26_smc.xls
2026-10-08,CLP,0.89268288,https://www.bcv.org.ve/sites/default/files/EstadisticasGeneral/2_1_2d26_smc.xls
2026-10-08,COP,0.27206788,https://www.bcv.org.ve/sites/default/files/EstadisticasGeneral/2_1_2d26_smc.xls
2026-10-08,UYU,21.80947696,https://www.bcv.org.ve/sites/default/files/EstadisticasGeneral/2_1_2d26_smc.xls
2026-10-08,PEN,254.60877529,https://www.bcv.org.ve/sites/default/files/EstadisticasGeneral/2_1_2d26_smc.xls
2026-10-08,BOB,74.39681393,https://www.bcv.org.ve/sites/default/files/EstadisticasGeneral/2_1_2d26_smc.xls
2026-10-08,MXP,48.4386945,https://www.bcv.org.ve/sites/default/files/EstadisticasGeneral/2_1_2d26_smc.xls
2026-10-08,CUC,875.6505,https://www.bcv.org.ve/sites/default/files/EstadisticasGeneral/2_1_2d26_smc.xls
2026-10-08,NIO,24.55223357,https://www.bcv.org.ve/sites/default/files/EstadisticasGeneral/2_1_2d26_smc.xls
2026-10-08,DOP,14.3408205,https://www.bcv.org.ve/sites/default/files/EstadisticasGeneral/2_1_2d26_smc.xls
2026-10-08,TTD,130.14245585,https://www.bcv.org.ve/sites/default/files/EstadisticasGeneral/2_1_2d26_smc.xls
2026-10-08,ANG,502.0643885,https://www.bcv.org.ve/sites/default/files/EstadisticasGeneral/2_1_2d26_smc.xls
2026-10-09,EUR,982.00454402,https://www.bcv.org.ve/sites/default/files/EstadisticasGeneral/2_1_2d26_smc.xls
2026-10-09,CNY,131.03154748,https://www.bcv.org.ve/sites/default/files/EstadisticasGeneral/2_1_2d26_smc.xls
2026-10-09,TRY,17.7698026,https://www.bcv.org.ve/sites/default/files/EstadisticasGeneral/2_1_2d26_smc.xls
2026-10-09,RUB,10.33956995,https://www.bcv.org.ve/sites/default/files/EstadisticasGeneral/2_1_2d26_smc.xls
2026-10-09,USD,876.7976,https://www.bcv.org.ve/sites/default/files/EstadisticasGeneral/2_1_2d26_smc.xls
2026-10-09,CAD,614.29644368,https://www.bcv.org.ve/sites/default/files/EstadisticasGeneral/2_1_2d26_smc.xls
2026-10-09,INR,9.06531844,https://www.bcv.org.ve/sites/default/files/EstadisticasGeneral/2_1_2d26_smc.xls
2026-10-09,JPY,5.53607233,https://www.bcv.org.ve/sites/default/files/EstadisticasGeneral/2_1_2d26_smc.xls
2026-10-09,ARS,0.57912655,https://www.bcv.org.ve/sites/default/files/EstadisticasGeneral/2_1_2d26_smc.xls
2026-10-09,BRL,175.70389964,https://www.bcv.org.ve/sites/default/files/EstadisticasGeneral/2_1_2d26_smc.xls
2026-10-09,CLP,0.89701634,https://www.bcv.org.ve/sites/default/files/EstadisticasGeneral/2_1_2d26_smc.xls
2026-10-09,COP,0.27463434,https://www.bcv.org.ve/sites/default/files/EstadisticasGeneral/2_1_2d26_smc.xls
2026-10-09,UYU,21.80546132,https://www.bcv.org.ve/sites/default/files/EstadisticasGeneral/2_1_2d26_smc.xls
2026-10-09,PEN,253.9013697,https://www.bcv.org.ve/sites/default/files/EstadisticasGeneral/2_1_2d26_smc.xls
2026-10-09,BOB,76.34550615,https://www.bcv.org.ve/sites/default/files/EstadisticasGeneral/2_1_2d26_smc.xls
2026-10-09,MXP,47.71947316,https://www.bcv.org.ve/sites/default/files/EstadisticasGeneral/2_1_2d26_smc.xls
2026-10-09,CUC,876.7976,https://www.bcv.org.ve/sites/default/files/EstadisticasGeneral/2_1_2d26_smc.xls
2026-10-09,NIO,24.59432713,https://www.bcv.org.ve/sites/default/files/EstadisticasGeneral/2_1_2d26_smc.xls
2026-10-09,DOP,14.33378453,https://www.bcv.org.ve/sites/default/files/EstadisticasGeneral/2_1_2d26_smc.xls
2026-10-09,TTD,129.87477596,https://www.bcv.org.ve/sites/default/files/EstadisticasGeneral/2_1_2d26_smc.xls
2026-10-09,ANG,502.72209162,https://www.bcv.org.ve/sites/default/files/EstadisticasGeneral/2_1_2d26_smc.xls
